r,t,y,AnnualFixedOperatingCost
RE1,PWRBIO001,2022,15.7608
RE1,PWRBIO001,2023,52.6537
RE1,PWRBIO001,2024,62.2917
RE1,PWRBIO001,2025,63.8387
RE1,PWRBIO001,2026,69.1556
RE1,PWRBIO001,2027,72.8451
RE1,PWRBIO001,2028,76.7448
RE1,PWRBIO001,2029,80.8685
RE1,PWRBIO001,2030,85.2306
RE1,PWRBIO001,2031,88.5583
RE1,PWRBIO001,2032,92.1827
RE1,PWRBIO001,2033,96.113
RE1,PWRBIO001,2034,100.3613
RE1,PWRBIO001,2035,109.7097
RE1,PWRBIO001,2036,116.3629
RE1,PWRBIO001,2037,123.4544
RE1,PWRBIO001,2038,131.0174
RE1,PWRBIO001,2039,139.0874
RE1,PWRBIO001,2040,147.7026
RE1,PWRBIO001,2041,154.9613
RE1,PWRBIO001,2042,162.6033
RE1,PWRBIO001,2043,170.7494
RE1,PWRBIO001,2044,177.6929
RE1,PWRBIO001,2045,185.239
RE1,PWRBIO001,2046,196.6525
RE1,PWRBIO001,2047,208.066
RE1,PWRBIO001,2048,219.4795
RE1,PWRBIO001,2049,230.893
RE1,PWRBIO001,2050,242.3065
RE1,PWRBIO001,2051,319.7189
RE1,PWRBIO001,2052,328.2924
RE1,PWRBIO001,2053,336.2317
RE1,PWRBIO001,2054,343.6654
RE1,PWRBIO001,2055,352.1735
RE1,PWRBIO001,2056,360.9451
RE1,PWRBIO001,2057,369.9888
RE1,PWRBIO001,2058,381.3788
RE1,PWRBIO001,2059,393.1194
RE1,PWRBIO001,2060,405.1406
RE1,PWRBIO001,2061,414.6036
RE1,PWRBIO001,2062,422.4196
RE1,PWRBIO001,2063,430.4134
RE1,PWRBIO001,2064,438.5786
RE1,PWRBIO001,2065,446.9195
RE1,PWRBIO001,2066,455.44
RE1,PWRBIO001,2067,464.1443
RE1,PWRBIO001,2068,473.5856
RE1,PWRBIO001,2069,472.5051
RE1,PWRBIO001,2070,463.8899
RE1,PWRCOA001,2015,9.36
RE1,PWRCOA001,2016,9.36
RE1,PWRCOA001,2017,9.36
RE1,PWRCOA001,2018,9.36
RE1,PWRCOA001,2019,9.36
RE1,PWRCOA001,2020,9.36
RE1,PWRCOA001,2021,9.36
RE1,PWRCOA001,2022,9.36
RE1,PWRCOA001,2023,9.36
RE1,PWRCOA001,2024,9.36
RE1,PWRCOA001,2025,9.36
RE1,PWRCOA001,2026,9.36
RE1,PWROHC001,2015,2.1
RE1,PWROHC001,2016,2.1
RE1,PWROHC001,2017,2.1
RE1,PWROHC001,2018,2.1
RE1,PWROHC001,2019,2.1
RE1,PWROHC001,2020,2.1
RE1,PWROHC001,2021,2.1
RE1,PWROHC001,2022,2.1
RE1,PWROHC001,2023,2.1
RE1,PWROHC001,2024,2.1
RE1,PWROHC001,2025,2.1
RE1,PWRNGS001,2024,3.8513
RE1,PWRNGS001,2025,3.8513
RE1,PWRNGS001,2026,5.7489
RE1,PWRNGS001,2027,8.5897
RE1,PWRNGS001,2028,10.8473
RE1,PWRNGS001,2029,13.3015
RE1,PWRNGS001,2030,16.1423
RE1,PWRNGS001,2031,18.7906
RE1,PWRNGS001,2032,20.2116
RE1,PWRNGS001,2033,21.2493
RE1,PWRNGS001,2034,23.0465
RE1,PWRNGS001,2035,25.8872
RE1,PWRNGS001,2036,28.728
RE1,PWRNGS001,2037,28.728
RE1,PWRNGS001,2038,28.728
RE1,PWRNGS001,2039,28.728
RE1,PWRNGS001,2040,28.728
RE1,PWRNGS001,2041,28.728
RE1,PWRNGS001,2042,28.728
RE1,PWRNGS001,2043,28.728
RE1,PWRNGS001,2044,28.728
RE1,PWRNGS001,2045,30.1965
RE1,PWRNGS001,2046,33.0373
RE1,PWRNGS001,2047,35.8781
RE1,PWRNGS001,2048,38.7189
RE1,PWRNGS001,2049,41.5596
RE1,PWRNGS001,2050,44.4004
RE1,PWRNGS001,2051,93.0529
RE1,PWRNGS001,2052,105.054
RE1,PWRNGS001,2053,116.3984
RE1,PWRNGS001,2054,123.7563
RE1,PWRNGS001,2055,129.4497
RE1,PWRNGS001,2056,135.2814
RE1,PWRNGS001,2057,141.2552
RE1,PWRNGS001,2058,142.8401
RE1,PWRNGS001,2059,144.4432
RE1,PWRNGS001,2060,146.2439
RE1,PWRNGS001,2061,145.9043
RE1,PWRNGS001,2062,144.4834
RE1,PWRNGS001,2063,143.4457
RE1,PWRNGS001,2064,141.6485
RE1,PWRNGS001,2065,138.8077
RE1,PWRNGS001,2066,144.7188
RE1,PWRNGS001,2067,152.1254
RE1,PWRNGS001,2068,158.8238
RE1,PWRNGS001,2069,158.8238
RE1,PWRNGS001,2070,158.8238
RE1,PWRSOL001,2015,0.7712
RE1,PWRSOL001,2016,0.7151
RE1,PWRSOL001,2017,0.659
RE1,PWRSOL001,2018,0.603
RE1,PWRSOL001,2019,0.5469
RE1,PWRSOL001,2020,0.4908
RE1,PWRSOL001,2021,0.4628
RE1,PWRSOL001,2022,0.4347
RE1,PWRSOL001,2023,0.4066
RE1,PWRSOL001,2024,6.4449
RE1,PWRSOL001,2025,13.5381
RE1,PWRSOL001,2026,13.974
RE1,PWRSOL001,2027,14.4204
RE1,PWRSOL001,2028,14.8772
RE1,PWRSOL001,2029,15.3445
RE1,PWRSOL001,2030,15.8222
RE1,PWRSOL001,2031,16.1208
RE1,PWRSOL001,2032,16.4483
RE1,PWRSOL001,2033,16.8032
RE1,PWRSOL001,2034,17.1843
RE1,PWRSOL001,2035,18.3896
RE1,PWRSOL001,2036,19.1293
RE1,PWRSOL001,2037,19.8968
RE1,PWRSOL001,2038,20.6929
RE1,PWRSOL001,2039,21.5187
RE1,PWRSOL001,2040,22.375
RE1,PWRSOL001,2041,23.4746
RE1,PWRSOL001,2042,24.6323
RE1,PWRSOL001,2043,25.8516
RE1,PWRSOL001,2044,27.1363
RE1,PWRSOL001,2045,28.4448
RE1,PWRSOL001,2046,29.7903
RE1,PWRSOL001,2047,31.1801
RE1,PWRSOL001,2048,32.6161
RE1,PWRSOL001,2049,32.6161
RE1,PWRSOL001,2050,37.2423
RE1,PWRSOL001,2051,47.4887
RE1,PWRSOL001,2052,48.7391
RE1,PWRSOL001,2053,50.0261
RE1,PWRSOL001,2054,51.3508
RE1,PWRSOL001,2055,52.7144
RE1,PWRSOL001,2056,54.1181
RE1,PWRSOL001,2057,55.5631
RE1,PWRSOL001,2058,57.0509
RE1,PWRSOL001,2059,58.5827
RE1,PWRSOL001,2060,60.1601
RE1,PWRSOL001,2061,61.3262
RE1,PWRSOL001,2062,62.5165
RE1,PWRSOL001,2063,63.7317
RE1,PWRSOL001,2064,64.9723
RE1,PWRSOL001,2065,66.2389
RE1,PWRSOL001,2066,67.5322
RE1,PWRSOL001,2067,68.8528
RE1,PWRSOL001,2068,70.2013
RE1,PWRSOL001,2069,71.5784
RE1,PWRSOL001,2070,87.8771
RE1,PWRHYD001,2015,21.6
RE1,PWRHYD001,2016,21.6
RE1,PWRHYD001,2017,21.6
RE1,PWRHYD001,2018,21.6
RE1,PWRHYD001,2019,21.6
RE1,PWRHYD001,2020,21.6
RE1,PWRHYD001,2021,34.2476
RE1,PWRHYD001,2022,39.0361
RE1,PWRHYD001,2023,39.0361
RE1,PWRHYD001,2024,39.0361
RE1,PWRHYD001,2025,39.0361
RE1,PWRHYD001,2026,39.0361
RE1,PWRHYD001,2027,39.0361
RE1,PWRHYD001,2028,39.0361
RE1,PWRHYD001,2029,39.0361
RE1,PWRHYD001,2030,39.0361
RE1,PWRHYD001,2031,39.0361
RE1,PWRHYD001,2032,39.0361
RE1,PWRHYD001,2033,39.0361
RE1,PWRHYD001,2034,39.0361
RE1,PWRHYD001,2035,39.0361
RE1,PWRHYD001,2036,39.0361
RE1,PWRHYD001,2037,39.0361
RE1,PWRHYD001,2038,39.0361
RE1,PWRHYD001,2039,39.0361
RE1,PWRHYD001,2040,39.0361
RE1,PWRHYD001,2041,39.0361
RE1,PWRHYD001,2042,39.0361
RE1,PWRHYD001,2043,39.0361
RE1,PWRHYD001,2044,39.0361
RE1,PWRHYD001,2045,39.0361
RE1,PWRHYD001,2046,39.0361
RE1,PWRHYD001,2047,39.0361
RE1,PWRHYD001,2048,39.0361
RE1,PWRHYD001,2049,39.0361
RE1,PWRHYD001,2050,39.0361
RE1,PWRHYD001,2051,39.0361
RE1,PWRHYD001,2052,39.0361
RE1,PWRHYD001,2053,39.0361
RE1,PWRHYD001,2054,39.0361
RE1,PWRHYD001,2055,39.0361
RE1,PWRHYD001,2056,39.0361
RE1,PWRHYD001,2057,39.0361
RE1,PWRHYD001,2058,39.0361
RE1,PWRHYD001,2059,39.0361
RE1,PWRHYD001,2060,39.0361
RE1,PWRHYD001,2061,39.0361
RE1,PWRHYD001,2062,39.0361
RE1,PWRHYD001,2063,39.0361
RE1,PWRHYD001,2064,39.0361
RE1,PWRHYD001,2065,39.0361
RE1,PWRHYD001,2066,39.0361
RE1,PWRHYD001,2067,39.0361
RE1,PWRHYD001,2068,39.0361
RE1,PWRHYD001,2069,39.0361
RE1,PWRHYD001,2070,39.0361
RE1,PWRHYD002,2015,6.9
RE1,PWRHYD002,2016,6.9
RE1,PWRHYD002,2017,6.9
RE1,PWRHYD002,2018,6.9
RE1,PWRHYD002,2019,6.9
RE1,PWRHYD002,2020,6.9
RE1,PWRHYD002,2021,12.4699
RE1,PWRHYD002,2022,12.4699
RE1,PWRHYD002,2023,12.4699
RE1,PWRHYD002,2024,12.4699
RE1,PWRHYD002,2025,12.4699
RE1,PWRHYD002,2026,12.4699
RE1,PWRHYD002,2027,12.4699
RE1,PWRHYD002,2028,12.4699
RE1,PWRHYD002,2029,12.4699
RE1,PWRHYD002,2030,12.4699
RE1,PWRHYD002,2031,12.4699
RE1,PWRHYD002,2032,12.4699
RE1,PWRHYD002,2033,12.4699
RE1,PWRHYD002,2034,12.4699
RE1,PWRHYD002,2035,12.4699
RE1,PWRHYD002,2036,12.4699
RE1,PWRHYD002,2037,12.4699
RE1,PWRHYD002,2038,12.4699
RE1,PWRHYD002,2039,12.4699
RE1,PWRHYD002,2040,12.4699
RE1,PWRHYD002,2041,12.4699
RE1,PWRHYD002,2042,12.4699
RE1,PWRHYD002,2043,12.4699
RE1,PWRHYD002,2044,12.4699
RE1,PWRHYD002,2045,12.4699
RE1,PWRHYD002,2046,12.4699
RE1,PWRHYD002,2047,12.4699
RE1,PWRHYD002,2048,12.4699
RE1,PWRHYD002,2049,12.4699
RE1,PWRHYD002,2050,12.4699
RE1,PWRHYD002,2051,12.4699
RE1,PWRHYD002,2052,12.4699
RE1,PWRHYD002,2053,12.4699
RE1,PWRHYD002,2054,12.4699
RE1,PWRHYD002,2055,12.4699
RE1,PWRHYD002,2056,12.4699
RE1,PWRHYD002,2057,12.4699
RE1,PWRHYD002,2058,12.4699
RE1,PWRHYD002,2059,12.4699
RE1,PWRHYD002,2060,12.4699
RE1,PWRHYD002,2061,12.4699
RE1,PWRHYD002,2062,12.4699
RE1,PWRHYD002,2063,12.4699
RE1,PWRHYD002,2064,12.4699
RE1,PWRHYD002,2065,12.4699
RE1,PWRHYD002,2066,12.4699
RE1,PWRHYD002,2067,12.4699
RE1,PWRHYD002,2068,12.4699
RE1,PWRHYD002,2069,12.4699
RE1,PWRHYD002,2070,12.4699
RE1,PWRHYD003,2021,9.72
RE1,PWRHYD003,2022,9.72
RE1,PWRHYD003,2023,9.72
RE1,PWRHYD003,2024,9.72
RE1,PWRHYD003,2025,9.72
RE1,PWRHYD003,2026,9.72
RE1,PWRHYD003,2027,9.72
RE1,PWRHYD003,2028,9.72
RE1,PWRHYD003,2029,9.72
RE1,PWRHYD003,2030,9.72
RE1,PWRHYD003,2031,9.72
RE1,PWRHYD003,2032,9.72
RE1,PWRHYD003,2033,9.72
RE1,PWRHYD003,2034,9.72
RE1,PWRHYD003,2035,9.72
RE1,PWRHYD003,2036,9.72
RE1,PWRHYD003,2037,9.72
RE1,PWRHYD003,2038,9.72
RE1,PWRHYD003,2039,9.72
RE1,PWRHYD003,2040,9.72
RE1,PWRHYD003,2041,9.72
RE1,PWRHYD003,2042,9.72
RE1,PWRHYD003,2043,9.72
RE1,PWRHYD003,2044,9.72
RE1,PWRHYD003,2045,9.72
RE1,PWRHYD003,2046,9.72
RE1,PWRHYD003,2047,9.72
RE1,PWRHYD003,2048,9.72
RE1,PWRHYD003,2049,9.72
RE1,PWRHYD003,2050,9.72
RE1,PWRHYD003,2051,9.72
RE1,PWRHYD003,2052,9.72
RE1,PWRHYD003,2053,9.72
RE1,PWRHYD003,2054,9.72
RE1,PWRHYD003,2055,9.72
RE1,PWRHYD003,2056,9.72
RE1,PWRHYD003,2057,9.72
RE1,PWRHYD003,2058,9.72
RE1,PWRHYD003,2059,9.72
RE1,PWRHYD003,2060,9.72
RE1,PWRHYD003,2061,9.72
RE1,PWRHYD003,2062,9.72
RE1,PWRHYD003,2063,9.72
RE1,PWRHYD003,2064,9.72
RE1,PWRHYD003,2065,9.72
RE1,PWRHYD003,2066,9.72
RE1,PWRHYD003,2067,9.72
RE1,PWRHYD003,2068,9.72
RE1,PWRHYD003,2069,9.72
RE1,PWRHYD003,2070,9.72
RE1,PWRWND001,2032,10.0116
RE1,PWRWND001,2033,19.4218
RE1,PWRWND001,2034,28.2305
RE1,PWRWND001,2035,36.4378
RE1,PWRWND001,2036,45.5472
RE1,PWRWND001,2037,54.6566
RE1,PWRWND001,2038,63.7661
RE1,PWRWND001,2039,72.8755
RE1,PWRWND001,2040,81.9849
RE1,PWRWND001,2041,91.0944
RE1,PWRWND001,2042,100.2038
RE1,PWRWND001,2043,109.3133
RE1,PWRWND001,2044,118.4227
RE1,PWRWND001,2045,127.5321
RE1,PWRWND001,2046,136.6416
RE1,PWRWND001,2047,145.751
RE1,PWRWND001,2048,154.8605
RE1,PWRWND001,2049,163.9699
RE1,PWRWND001,2050,173.0793
RE1,PWRWND001,2051,253.3449
RE1,PWRWND001,2052,260.016
RE1,PWRWND001,2053,266.882
RE1,PWRWND001,2054,273.949
RE1,PWRWND001,2055,281.2235
RE1,PWRWND001,2056,288.7119
RE1,PWRWND001,2057,296.421
RE1,PWRWND001,2058,304.3581
RE1,PWRWND001,2059,312.5303
RE1,PWRWND001,2060,320.9454
RE1,PWRWND001,2061,327.1662
RE1,PWRWND001,2062,318.0568
RE1,PWRWND001,2063,308.9473
RE1,PWRWND001,2064,299.8379
RE1,PWRWND001,2065,290.7285
RE1,PWRWND001,2066,281.619
RE1,PWRWND001,2067,272.5096
RE1,PWRWND001,2068,263.4002
RE1,PWRWND001,2069,254.2907
RE1,PWRWND001,2070,245.1813
RE1,PWRSOL001S,2025,6.6422
RE1,PWRSOL001S,2026,7.6365
RE1,PWRSOL001S,2027,12.3603
RE1,PWRSOL001S,2028,12.7519
RE1,PWRSOL001S,2029,13.1524
RE1,PWRSOL001S,2030,13.5619
RE1,PWRSOL001S,2031,13.8178
RE1,PWRSOL001S,2032,14.0986
RE1,PWRSOL001S,2033,14.4028
RE1,PWRSOL001S,2034,14.7294
RE1,PWRSOL001S,2035,15.7625
RE1,PWRSOL001S,2036,16.3966
RE1,PWRSOL001S,2037,17.0544
RE1,PWRSOL001S,2038,17.7368
RE1,PWRSOL001S,2039,18.4446
RE1,PWRSOL001S,2040,19.1786
RE1,PWRSOL001S,2041,20.1211
RE1,PWRSOL001S,2042,21.1134
RE1,PWRSOL001S,2043,22.1585
RE1,PWRSOL001S,2044,23.2597
RE1,PWRSOL001S,2045,24.4203
RE1,PWRSOL001S,2046,25.718
RE1,PWRSOL001S,2047,26.7122
RE1,PWRSOL001S,2048,28.5893
RE1,PWRSOL001S,2049,29.2717
RE1,PWRSOL001S,2050,33.99
RE1,PWRSOL001S,2051,40.7046
RE1,PWRSOL001S,2052,41.7764
RE1,PWRSOL001S,2053,42.8795
RE1,PWRSOL001S,2054,44.015
RE1,PWRSOL001S,2055,45.1838
RE1,PWRSOL001S,2056,46.3869
RE1,PWRSOL001S,2057,47.6255
RE1,PWRSOL001S,2058,48.9008
RE1,PWRSOL001S,2059,50.2138
RE1,PWRSOL001S,2060,51.5658
RE1,PWRSOL001S,2061,52.5653
RE1,PWRSOL001S,2062,53.5856
RE1,PWRSOL001S,2063,54.6272
RE1,PWRSOL001S,2064,55.6905
RE1,PWRSOL001S,2065,56.7762
RE1,PWRSOL001S,2066,57.8848
RE1,PWRSOL001S,2067,59.0167
RE1,PWRSOL001S,2068,60.1725
RE1,PWRSOL001S,2069,61.3529
RE1,PWRSOL001S,2070,80.4097
RE1,PWRWND001S,2047,19.0781
RE1,PWRWND001S,2048,58.3668
RE1,PWRWND001S,2049,126.2576
RE1,PWRWND001S,2050,170.9581
RE1,PWRWND001S,2051,170.9581
RE1,PWRWND001S,2052,170.9581
RE1,PWRWND001S,2053,170.9581
RE1,PWRWND001S,2054,196.1232
RE1,PWRWND001S,2055,239.5788
RE1,PWRWND001S,2056,282.906
RE1,PWRWND001S,2057,326.1045
RE1,PWRWND001S,2058,326.1045
RE1,PWRWND001S,2059,326.1045
RE1,PWRWND001S,2060,326.1045
RE1,PWRWND001S,2061,326.1045
RE1,PWRWND001S,2062,345.486
RE1,PWRWND001S,2063,363.2028
RE1,PWRWND001S,2064,387.6513
RE1,PWRWND001S,2065,426.4008
RE1,PWRWND001S,2066,458.8079
RE1,PWRWND001S,2067,486.8379
RE1,PWRWND001S,2068,520.2806
RE1,PWRWND001S,2069,552.2269
RE1,PWRWND001S,2070,552.2269
RE1,PWRSOL002,2015,1.9393
RE1,PWRSOL002,2016,1.7964
RE1,PWRSOL002,2017,1.6535
RE1,PWRSOL002,2018,2.3368
RE1,PWRSOL002,2019,2.3029
RE1,PWRSOL002,2020,2.0623
RE1,PWRSOL002,2021,1.9759
RE1,PWRSOL002,2022,1.8895
RE1,PWRSOL002,2023,1.8031
RE1,PWRSOL002,2024,1.6469
RE1,PWRSOL002,2025,1.5517
RE1,PWRSOL002,2026,1.4638
RE1,PWRSOL002,2027,1.3961
RE1,PWRSOL002,2028,1.3311
RE1,PWRSOL002,2029,1.2668
RE1,PWRSOL002,2030,1.1874
RE1,PWRSOL002,2031,1.1294
RE1,PWRSOL002,2032,1.0739
RE1,PWRSOL002,2033,1.0137
RE1,PWRSOL002,2034,0.9597
RE1,PWRSOL002,2035,0.785
RE1,PWRSOL002,2036,0.6108
RE1,PWRSOL002,2037,0.4736
RE1,PWRSOL002,2038,14.1321
RE1,PWRSOL002,2039,39.1929
RE1,PWRSOL002,2040,62.9043
RE1,PWRSOL002,2041,69.8564
RE1,PWRSOL002,2042,77.2156
RE1,PWRSOL002,2043,85.6084
RE1,PWRSOL002,2044,96.6322
RE1,PWRSOL002,2045,109.8278
RE1,PWRSOL002,2046,134.5792
RE1,PWRSOL002,2047,159.3306
RE1,PWRSOL002,2048,172.6042
RE1,PWRSOL002,2049,172.6042
RE1,PWRSOL002,2050,172.6042
RE1,PWRSOL002,2051,196.9456
RE1,PWRSOL002,2052,213.7967
RE1,PWRSOL002,2053,231.1954
RE1,PWRSOL002,2054,239.0467
RE1,PWRSOL002,2055,239.0467
RE1,PWRSOL002,2056,239.0467
RE1,PWRSOL002,2057,239.0467
RE1,PWRSOL002,2058,254.932
RE1,PWRSOL002,2059,270.76
RE1,PWRSOL002,2060,286.5816
RE1,PWRSOL002,2061,302.1582
RE1,PWRSOL002,2062,315.4863
RE1,PWRSOL002,2063,329.4787
RE1,PWRSOL002,2064,340.766
RE1,PWRSOL002,2065,343.7415
RE1,PWRSOL002,2066,336.0581
RE1,PWRSOL002,2067,327.5841
RE1,PWRSOL002,2068,316.5604
RE1,PWRSOL002,2069,303.3647
RE1,PWRSOL002,2070,278.6133
RE1,PWRHYD004,2021,1.08
RE1,PWRHYD004,2022,1.08
RE1,PWRHYD004,2023,1.08
RE1,PWRHYD004,2024,1.08
RE1,PWRHYD004,2025,1.08
RE1,PWRHYD004,2026,1.08
RE1,PWRHYD004,2027,1.08
RE1,PWRHYD004,2028,1.08
RE1,PWRHYD004,2029,1.08
RE1,PWRHYD004,2030,1.08
RE1,PWRHYD004,2031,1.08
RE1,PWRHYD004,2032,1.08
RE1,PWRHYD004,2033,1.08
RE1,PWRHYD004,2034,1.08
RE1,PWRHYD004,2035,1.08
RE1,PWRHYD004,2036,1.08
RE1,PWRHYD004,2037,1.08
RE1,PWRHYD004,2038,1.08
RE1,PWRHYD004,2039,1.08
RE1,PWRHYD004,2040,1.08
RE1,PWRHYD004,2041,1.08
RE1,PWRHYD004,2042,1.08
RE1,PWRHYD004,2043,1.08
RE1,PWRHYD004,2044,1.08
RE1,PWRHYD004,2045,1.08
RE1,PWRHYD004,2046,1.08
RE1,PWRHYD004,2047,1.08
RE1,PWRHYD004,2048,1.08
RE1,PWRHYD004,2049,1.08
RE1,PWRHYD004,2050,1.08
RE1,PWRHYD004,2051,1.08
RE1,PWRHYD004,2052,1.08
RE1,PWRHYD004,2053,1.08
RE1,PWRHYD004,2054,1.08
RE1,PWRHYD004,2055,1.08
RE1,PWRHYD004,2056,1.08
RE1,PWRHYD004,2057,1.08
RE1,PWRHYD004,2058,1.08
RE1,PWRHYD004,2059,1.08
RE1,PWRHYD004,2060,1.08
RE1,PWRHYD004,2061,1.08
RE1,PWRHYD004,2062,1.08
RE1,PWRHYD004,2063,1.08
RE1,PWRHYD004,2064,1.08
RE1,PWRHYD004,2065,1.08
RE1,PWRHYD004,2066,1.08
RE1,PWRHYD004,2067,1.08
RE1,PWRHYD004,2068,1.08
RE1,PWRHYD004,2069,1.08
RE1,PWRHYD004,2070,1.08
RE1,DEMTRAMCYGSL,2015,14.6568
RE1,DEMTRAMCYGSL,2016,15.5931
RE1,DEMTRAMCYGSL,2017,16.5876
RE1,DEMTRAMCYGSL,2018,17.6439
RE1,DEMTRAMCYGSL,2019,18.7657
RE1,DEMTRAMCYGSL,2020,19.9571
RE1,DEMTRAMCYGSL,2021,20.1438
RE1,DEMTRAMCYGSL,2022,20.3305
RE1,DEMTRAMCYGSL,2023,20.5171
RE1,DEMTRAMCYGSL,2024,20.7038
RE1,DEMTRAMCYGSL,2025,20.8904
RE1,DEMTRAMCYGSL,2026,21.0771
RE1,DEMTRAMCYGSL,2027,21.2638
RE1,DEMTRAMCYGSL,2028,21.4504
RE1,DEMTRAMCYGSL,2029,21.6371
RE1,DEMTRAMCYGSL,2030,5.0098
RE1,DEMTRAMCYGSL,2031,4.1447
RE1,DEMTRAMCYGSL,2032,3.2151
RE1,DEMTRAMCYGSL,2033,2.2173
RE1,DEMTRAMCYGSL,2034,1.147
RE1,DEMTRACARGSL,2036,13.6797
RE1,DEMTRACARGSL,2037,39.8812
RE1,DEMTRACARGSL,2038,64.9398
RE1,DEMTRACARGSL,2039,89.9334
RE1,DEMTRACARGSL,2040,114.9271
RE1,DEMTRACARGSL,2041,139.9208
RE1,DEMTRACARGSL,2042,164.9145
RE1,DEMTRACARGSL,2043,189.9082
RE1,DEMTRACARGSL,2044,214.9019
RE1,DEMTRACARGSL,2045,239.8955
RE1,DEMTRACARGSL,2046,242.9698
RE1,DEMTRACARGSL,2047,242.0926
RE1,DEMTRACARGSL,2048,237.3123
RE1,DEMTRACARGSL,2049,228.678
RE1,DEMTRACARGSL,2050,216.2517
RE1,DEMTRACARGSL,2051,185.109
RE1,DEMTRACARGSL,2052,154.0749
RE1,DEMTRACARGSL,2053,123.151
RE1,DEMTRACARGSL,2054,92.339
RE1,DEMTRACARGSL,2055,61.6407
RE1,DEMTRACARGSL,2056,31.0581
RE1,DEMTRACARGSL,2057,0.593
RE1,DEMTRABUSGSL,2041,16.8488
RE1,DEMTRABUSGSL,2042,47.073
RE1,DEMTRABUSGSL,2043,77.2973
RE1,DEMTRABUSGSL,2044,107.5215
RE1,DEMTRABUSGSL,2045,137.7457
RE1,DEMTRABUSGSL,2046,167.97
RE1,DEMTRABUSGSL,2047,198.1942
RE1,DEMTRABUSGSL,2048,228.4184
RE1,DEMTRABUSGSL,2049,258.6426
RE1,DEMTRABUSGSL,2050,288.857
RE1,DEMINDHECOA,2015,5.6519
RE1,DEMINDHECOA,2016,5.9545
RE1,DEMINDHECOA,2017,6.2733
RE1,DEMINDHECOA,2018,6.6092
RE1,DEMINDHECOA,2019,6.963
RE1,DEMINDHECOA,2020,7.3359
RE1,DEMINDHECOA,2021,7.6173
RE1,DEMINDHECOA,2022,7.9073
RE1,DEMINDHECOA,2023,8.2062
RE1,DEMINDHECOA,2024,8.5146
RE1,DEMINDHECOA,2025,8.8327
RE1,DEMINDHECOA,2026,9.1519
RE1,DEMINDHECOA,2027,9.4815
RE1,DEMINDHECOA,2028,9.8218
RE1,DEMINDHECOA,2029,10.1734
RE1,DEMINDHECOA,2030,10.5366
RE1,DEMINDHECOA,2031,10.6986
RE1,DEMINDHECOA,2032,10.8775
RE1,DEMINDHECOA,2033,11.0724
RE1,DEMINDHECOA,2034,11.2823
RE1,DEMINDHECOA,2035,12.0294
RE1,DEMINDHECOA,2036,12.4388
RE1,DEMINDHECOA,2037,12.8598
RE1,DEMINDHECOA,2038,13.2928
RE1,DEMINDHECOA,2039,13.7385
RE1,DEMINDHECOA,2040,14.1974
RE1,DEMINDHECOA,2041,14.5636
RE1,DEMINDHECOA,2042,14.9373
RE1,DEMINDHECOA,2043,15.3188
RE1,DEMINDHECOA,2044,15.7084
RE1,DEMINDHECOA,2045,16.1065
RE1,DEMINDHECOA,2046,16.4429
RE1,DEMINDHECOA,2047,16.7895
RE1,DEMINDHECOA,2048,17.1464
RE1,DEMINDHECOA,2049,17.5137
RE1,DEMINDHECOA,2050,17.8914
RE1,DEMINDHECOA,2051,18.1859
RE1,DEMINDHECOA,2052,18.4852
RE1,DEMINDHECOA,2053,18.7893
RE1,DEMINDHECOA,2054,19.0984
RE1,DEMINDHECOA,2055,19.4125
RE1,DEMINDHECOA,2056,19.7317
RE1,DEMINDHECOA,2057,20.056
RE1,DEMINDHECOA,2058,20.3857
RE1,DEMINDHECOA,2059,20.7208
RE1,DEMINDHECOA,2060,21.0613
RE1,DEMINDHECOA,2061,21.3362
RE1,DEMINDHECOA,2062,21.6146
RE1,DEMINDHECOA,2063,21.8967
RE1,DEMINDHECOA,2064,22.1826
RE1,DEMINDHECOA,2065,22.4722
RE1,DEMINDHECOA,2066,22.7656
RE1,DEMINDHECOA,2067,23.0629
RE1,DEMINDHECOA,2068,23.3642
RE1,DEMINDHECOA,2069,23.6695
RE1,DEMINDHECOA,2070,23.9789
RE1,DEMINDHEBIO,2015,0.5217
RE1,DEMINDHEBIO,2016,0.522
RE1,DEMINDHEBIO,2017,1.9901
RE1,DEMINDHEBIO,2018,3.4607
RE1,DEMINDHEBIO,2019,4.9298
RE1,DEMINDHEBIO,2020,6.4034
RE1,DEMINDHEBIO,2021,6.489
RE1,DEMINDHEBIO,2022,6.5692
RE1,DEMINDHEBIO,2023,6.6535
RE1,DEMINDHEBIO,2024,6.7373
RE1,DEMINDHEBIO,2025,6.8207
RE1,DEMINDHEBIO,2026,6.897
RE1,DEMINDHEBIO,2027,6.9685
RE1,DEMINDHEBIO,2028,7.0448
RE1,DEMINDHEBIO,2029,7.1212
RE1,DEMINDHEBIO,2030,7.1979
RE1,DEMINDHEBIO,2031,7.2028
RE1,DEMINDHEBIO,2032,6.9562
RE1,DEMINDHEBIO,2033,6.851
RE1,DEMINDHEBIO,2034,6.7543
RE1,DEMINDHEBIO,2035,6.9678
RE1,DEMINDHEBIO,2036,6.971
RE1,DEMINDHEBIO,2037,6.9778
RE1,DEMINDHEBIO,2038,6.9786
RE1,DEMINDHEBIO,2039,6.9785
RE1,DEMINDHEBIO,2040,6.9774
RE1,DEMINDHEBIO,2041,6.9521
RE1,DEMINDHEBIO,2042,6.9212
RE1,DEMINDHEBIO,2043,6.8943
RE1,DEMINDHEBIO,2044,6.8622
RE1,DEMINDHEBIO,2045,6.8342
RE1,DEMINDHEBIO,2046,6.8435
RE1,DEMINDHEBIO,2047,6.7165
RE1,DEMINDHEBIO,2048,6.6624
RE1,DEMINDHEBIO,2049,6.6099
RE1,DEMINDHEBIO,2050,6.5542
RE1,DEMINDHEBIO,2051,6.5013
RE1,DEMINDHEBIO,2052,6.4488
RE1,DEMINDHEBIO,2053,6.3967
RE1,DEMINDHEBIO,2054,6.3449
RE1,DEMINDHEBIO,2055,6.2979
RE1,DEMINDHEBIO,2056,6.264
RE1,DEMINDHEBIO,2057,6.2393
RE1,DEMINDHEBIO,2058,6.2109
RE1,DEMINDHEBIO,2059,6.1829
RE1,DEMINDHEBIO,2060,6.0508
RE1,DEMINDHEBIO,2061,6.0589
RE1,DEMINDHEBIO,2062,5.9447
RE1,DEMINDHEBIO,2063,5.8904
RE1,DEMINDHEBIO,2064,5.8366
RE1,DEMINDHEBIO,2065,5.7794
RE1,DEMINDHEBIO,2066,5.7632
RE1,DEMINDHEBIO,2067,5.7447
RE1,DEMINDHEBIO,2068,5.7275
RE1,DEMINDHEBIO,2069,5.7151
RE1,DEMINDHEBIO,2070,5.6997
RE1,DEMRESHEBIO,2015,0.8441
RE1,DEMRESHEBIO,2016,0.8457
RE1,DEMRESHEBIO,2017,3.1684
RE1,DEMRESHEBIO,2018,5.495
RE1,DEMRESHEBIO,2019,7.8194
RE1,DEMRESHEBIO,2020,10.151
RE1,DEMRESHEBIO,2021,10.2872
RE1,DEMRESHEBIO,2022,10.4152
RE1,DEMRESHEBIO,2023,10.5494
RE1,DEMRESHEBIO,2024,10.6829
RE1,DEMRESHEBIO,2025,10.816
RE1,DEMRESHEBIO,2026,10.9378
RE1,DEMRESHEBIO,2027,11.0519
RE1,DEMRESHEBIO,2028,11.1738
RE1,DEMRESHEBIO,2029,11.2959
RE1,DEMRESHEBIO,2030,11.4183
RE1,DEMRESHEBIO,2031,11.4252
RE1,DEMRESHEBIO,2032,11.0374
RE1,DEMRESHEBIO,2033,10.8717
RE1,DEMRESHEBIO,2034,10.7195
RE1,DEMRESHEBIO,2035,11.0597
RE1,DEMRESHEBIO,2036,11.0662
RE1,DEMRESHEBIO,2037,11.0784
RE1,DEMRESHEBIO,2038,11.0813
RE1,DEMRESHEBIO,2039,11.0826
RE1,DEMRESHEBIO,2040,11.0826
RE1,DEMRESHEBIO,2041,11.0438
RE1,DEMRESHEBIO,2042,10.9963
RE1,DEMRESHEBIO,2043,10.9552
RE1,DEMRESHEBIO,2044,10.9058
RE1,DEMRESHEBIO,2045,10.863
RE1,DEMRESHEBIO,2046,10.8778
RE1,DEMRESHEBIO,2047,10.6793
RE1,DEMRESHEBIO,2048,10.5951
RE1,DEMRESHEBIO,2049,10.5134
RE1,DEMRESHEBIO,2050,10.4267
RE1,DEMRESHEBIO,2051,10.3441
RE1,DEMRESHEBIO,2052,10.2622
RE1,DEMRESHEBIO,2053,10.181
RE1,DEMRESHEBIO,2054,10.1003
RE1,DEMRESHEBIO,2055,10.0271
RE1,DEMRESHEBIO,2056,9.9712
RE1,DEMRESHEBIO,2057,9.9298
RE1,DEMRESHEBIO,2058,9.8825
RE1,DEMRESHEBIO,2059,9.8357
RE1,DEMRESHEBIO,2060,9.6427
RE1,DEMRESHEBIO,2061,9.6556
RE1,DEMRESHEBIO,2062,9.477
RE1,DEMRESHEBIO,2063,9.3922
RE1,DEMRESHEBIO,2064,9.3082
RE1,DEMRESHEBIO,2065,9.2188
RE1,DEMRESHEBIO,2066,9.1897
RE1,DEMRESHEBIO,2067,9.1568
RE1,DEMRESHEBIO,2068,9.126
RE1,DEMRESHEBIO,2069,9.1027
RE1,DEMRESHEBIO,2070,9.0745
RE1,DEMCOMHEBIO,2015,0.06
RE1,DEMCOMHEBIO,2016,0.0632
RE1,DEMCOMHEBIO,2017,0.0666
RE1,DEMCOMHEBIO,2018,0.0702
RE1,DEMCOMHEBIO,2019,0.074
RE1,DEMCOMHEBIO,2020,0.078
RE1,DEMCOMHEBIO,2021,0.0811
RE1,DEMCOMHEBIO,2022,0.0842
RE1,DEMCOMHEBIO,2023,0.0874
RE1,DEMCOMHEBIO,2024,0.0908
RE1,DEMCOMHEBIO,2025,0.0942
RE1,DEMCOMHEBIO,2026,0.0977
RE1,DEMCOMHEBIO,2027,0.1012
RE1,DEMCOMHEBIO,2028,0.1049
RE1,DEMCOMHEBIO,2029,0.1087
RE1,DEMCOMHEBIO,2030,0.1127
RE1,DEMCOMHEBIO,2031,0.1145
RE1,DEMCOMHEBIO,2032,0.1165
RE1,DEMCOMHEBIO,2033,0.1187
RE1,DEMCOMHEBIO,2034,0.121
RE1,DEMCOMHEBIO,2035,0.1291
RE1,DEMCOMHEBIO,2036,0.1336
RE1,DEMCOMHEBIO,2037,0.1383
RE1,DEMCOMHEBIO,2038,0.1431
RE1,DEMCOMHEBIO,2039,0.148
RE1,DEMCOMHEBIO,2040,0.153
RE1,DEMCOMHEBIO,2041,0.1572
RE1,DEMCOMHEBIO,2042,0.1613
RE1,DEMCOMHEBIO,2043,0.1657
RE1,DEMCOMHEBIO,2044,0.17
RE1,DEMCOMHEBIO,2045,0.1745
RE1,DEMCOMHEBIO,2046,0.1784
RE1,DEMCOMHEBIO,2047,0.1823
RE1,DEMCOMHEBIO,2048,0.1864
RE1,DEMCOMHEBIO,2049,0.1907
RE1,DEMCOMHEBIO,2050,0.1949
RE1,DEMCOMHEBIO,2051,0.1984
RE1,DEMCOMHEBIO,2052,0.2019
RE1,DEMCOMHEBIO,2053,0.2055
RE1,DEMCOMHEBIO,2054,0.2092
RE1,DEMCOMHEBIO,2055,0.2131
RE1,DEMCOMHEBIO,2056,0.2167
RE1,DEMCOMHEBIO,2057,0.2207
RE1,DEMCOMHEBIO,2058,0.2247
RE1,DEMCOMHEBIO,2059,0.2287
RE1,DEMCOMHEBIO,2060,0.2329
RE1,DEMCOMHEBIO,2061,0.2362
RE1,DEMCOMHEBIO,2062,0.2395
RE1,DEMCOMHEBIO,2063,0.2428
RE1,DEMCOMHEBIO,2064,0.2461
RE1,DEMCOMHEBIO,2065,0.2493
RE1,DEMCOMHEBIO,2066,0.2527
RE1,DEMCOMHEBIO,2067,0.256
RE1,DEMCOMHEBIO,2068,0.2594
RE1,DEMCOMHEBIO,2069,0.263
RE1,DEMCOMHEBIO,2070,0.2664
